INSERT INTO  encje (encja_id, nazwa) VALUES (1, 'Produkt1');
INSERT INTO  encje (encja_id, nazwa) VALUES (2, 'Produkt2');
INSERT INTO  encje (encja_id, nazwa) VALUES (3, 'Produkt3');
INSERT INTO  encje (encja_id, nazwa) VALUES (4, 'Produkt4');
INSERT INTO  encje (encja_id, nazwa) VALUES (5, 'Produkt5');
INSERT INTO  encje (encja_id, nazwa) VALUES (6, 'Produkt6');
INSERT INTO  encje (encja_id, nazwa) VALUES (7, 'Produkt7');
INSERT INTO  encje (encja_id, nazwa) VALUES (8, 'Produkt8');
INSERT INTO  encje (encja_id, nazwa) VALUES (9, 'Produkt9');
INSERT INTO  encje (encja_id, nazwa) VALUES (10, 'Produkt10');
INSERT INTO  atrybuty (atrybut_id, nazwa) VALUES (1, 'Atrybut1');
INSERT INTO  atrybuty (atrybut_id, nazwa) VALUES (2, 'Atrybut2');
INSERT INTO  atrybuty (atrybut_id, nazwa) VALUES (3, 'Atrybut3');
INSERT INTO  atrybuty (atrybut_id, nazwa) VALUES (4, 'Atrybut4');
INSERT INTO  atrybuty (atrybut_id, nazwa) VALUES (5, 'Atrybut5');
INSERT INTO  atrybuty (atrybut_id, nazwa) VALUES (6, 'Atrybut6');
INSERT INTO  atrybuty (atrybut_id, nazwa) VALUES (7, 'Atrybut7');
INSERT INTO  atrybuty (atrybut_id, nazwa) VALUES (8, 'Atrybut8');
INSERT INTO  atrybuty (atrybut_id, nazwa) VALUES (9, 'Atrybut9');
INSERT INTO  atrybuty (atrybut_id, nazwa) VALUES (10, 'Atrybut10');
INSERT INTO  wartosci_atrybutow (wartosc_atrybutu_id, encja_id, atrybut_id, wartosc) VALUES (1, 1, 10, 3);
INSERT INTO  wartosci_atrybutow (wartosc_atrybutu_id, encja_id, atrybut_id, wartosc) VALUES (2, 1, 3, 3);
INSERT INTO  wartosci_atrybutow (wartosc_atrybutu_id, encja_id, atrybut_id, wartosc) VALUES (3, 1, 4, 2);
INSERT INTO  wartosci_atrybutow (wartosc_atrybutu_id, encja_id, atrybut_id, wartosc) VALUES (4, 1, 9, 6);
INSERT INTO  wartosci_atrybutow (wartosc_atrybutu_id, encja_id, atrybut_id, wartosc) VALUES (5, 2, 4, 9);
INSERT INTO  wartosci_atrybutow (wartosc_atrybutu_id, encja_id, atrybut_id, wartosc) VALUES (6, 2, 6, 2);
INSERT INTO  wartosci_atrybutow (wartosc_atrybutu_id, encja_id, atrybut_id, wartosc) VALUES (7, 2, 10, 6);
INSERT INTO  wartosci_atrybutow (wartosc_atrybutu_id, encja_id, atrybut_id, wartosc) VALUES (8, 2, 9, 8);
INSERT INTO  wartosci_atrybutow (wartosc_atrybutu_id, encja_id, atrybut_id, wartosc) VALUES (9, 2, 1, 2);
INSERT INTO  wartosci_atrybutow (wartosc_atrybutu_id, encja_id, atrybut_id, wartosc) VALUES (10, 3, 5, 1);
INSERT INTO  wartosci_atrybutow (wartosc_atrybutu_id, encja_id, atrybut_id, wartosc) VALUES (11, 3, 8, 8);
INSERT INTO  wartosci_atrybutow (wartosc_atrybutu_id, encja_id, atrybut_id, wartosc) VALUES (12, 3, 3, 3);
INSERT INTO  wartosci_atrybutow (wartosc_atrybutu_id, encja_id, atrybut_id, wartosc) VALUES (13, 3, 2, 7);
INSERT INTO  wartosci_atrybutow (wartosc_atrybutu_id, encja_id, atrybut_id, wartosc) VALUES (14, 4, 6, 1);
INSERT INTO  wartosci_atrybutow (wartosc_atrybutu_id, encja_id, atrybut_id, wartosc) VALUES (15, 4, 10, 8);
INSERT INTO  wartosci_atrybutow (wartosc_atrybutu_id, encja_id, atrybut_id, wartosc) VALUES (16, 5, 4, 3);
INSERT INTO  wartosci_atrybutow (wartosc_atrybutu_id, encja_id, atrybut_id, wartosc) VALUES (17, 5, 1, 9);
INSERT INTO  wartosci_atrybutow (wartosc_atrybutu_id, encja_id, atrybut_id, wartosc) VALUES (18, 6, 1, 3);
INSERT INTO  wartosci_atrybutow (wartosc_atrybutu_id, encja_id, atrybut_id, wartosc) VALUES (19, 6, 10, 6);
INSERT INTO  wartosci_atrybutow (wartosc_atrybutu_id, encja_id, atrybut_id, wartosc) VALUES (20, 6, 6, 7);
INSERT INTO  wartosci_atrybutow (wartosc_atrybutu_id, encja_id, atrybut_id, wartosc) VALUES (21, 6, 4, 5);
INSERT INTO  wartosci_atrybutow (wartosc_atrybutu_id, encja_id, atrybut_id, wartosc) VALUES (22, 7, 2, 2);
INSERT INTO  wartosci_atrybutow (wartosc_atrybutu_id, encja_id, atrybut_id, wartosc) VALUES (23, 7, 1, 4);
INSERT INTO  wartosci_atrybutow (wartosc_atrybutu_id, encja_id, atrybut_id, wartosc) VALUES (24, 8, 5, 9);
INSERT INTO  wartosci_atrybutow (wartosc_atrybutu_id, encja_id, atrybut_id, wartosc) VALUES (25, 8, 8, 6);
INSERT INTO  wartosci_atrybutow (wartosc_atrybutu_id, encja_id, atrybut_id, wartosc) VALUES (26, 9, 9, 8);
INSERT INTO  wartosci_atrybutow (wartosc_atrybutu_id, encja_id, atrybut_id, wartosc) VALUES (27, 9, 10, 9);
INSERT INTO  wartosci_atrybutow (wartosc_atrybutu_id, encja_id, atrybut_id, wartosc) VALUES (28, 9, 2, 1);
INSERT INTO  wartosci_atrybutow (wartosc_atrybutu_id, encja_id, atrybut_id, wartosc) VALUES (29, 9, 3, 2);
INSERT INTO  wartosci_atrybutow (wartosc_atrybutu_id, encja_id, atrybut_id, wartosc) VALUES (30, 10, 4, 5);
INSERT INTO  wartosci_atrybutow (wartosc_atrybutu_id, encja_id, atrybut_id, wartosc) VALUES (31, 10, 10, 6);
INSERT INTO  wartosci_atrybutow (wartosc_atrybutu_id, encja_id, atrybut_id, wartosc) VALUES (32, 10, 2, 3);
